<metadata xml:lang="id"><Esri><CreaDate>20220922</CreaDate><CreaTime>11101200</CreaTime><ArcGISFormat>1.0</ArcGISFormat><SyncOnce>FALSE</SyncOnce><DataProperties><lineage><Process ToolSource="c:\program files\arcgis\pro\Resources\ArcToolbox\toolboxes\Data Management Tools.tbx\CopyMultiple" Date="20220922" Time="110541">CopyMultiple "D:\CPNS2022\KUGI\KUGI_1K.gdb\BatasWilayah_5K\ADMINISTRASI_AR_5K FeatureClass" D:\CPNS2022\KUGI\KUGI_1K.gdb\BatasWilayah_5K ADMINISTRASI_AR_5K_1 "ADMINISTRASI_AR_5K FeatureClass ADMINISTRASI_AR_5K_1 #"</Process><Process ToolSource="c:\program files\arcgis\pro\Resources\ArcToolbox\toolboxes\Data Management Tools.tbx\Rename" Date="20220922" Time="110600">Rename D:\CPNS2022\KUGI\KUGI_1K.gdb\BatasWilayah_5K\ADMINISTRASI_AR_5K_1 D:\CPNS2022\KUGI\KUGI_1K.gdb\BatasWilayah_5K\ADMINISTRASI_AR_RT FeatureClass</Process><Process ToolSource="c:\program files\arcgis\pro\Resources\ArcToolbox\toolboxes\Data Management Tools.tbx\CopyMultiple" Date="20220922" Time="110622">CopyMultiple "D:\CPNS2022\KUGI\KUGI_1K.gdb\BatasWilayah_5K\ADMINISTRASI_AR_RT FeatureClass" D:\CPNS2022\KUGI\KUGI_1K.gdb\BatasWilayah_5K ADMINISTRASI_AR_RT_1 "ADMINISTRASI_AR_RT FeatureClass ADMINISTRASI_AR_RT_1 #"</Process><Process ToolSource="c:\program files\arcgis\pro\Resources\ArcToolbox\toolboxes\Data Management Tools.tbx\Rename" Date="20220922" Time="110632">Rename D:\CPNS2022\KUGI\KUGI_1K.gdb\BatasWilayah_5K\ADMINISTRASI_AR_RT_1 D:\CPNS2022\KUGI\KUGI_1K.gdb\BatasWilayah_5K\ADMINISTRASI_AR_RW FeatureClass</Process><Process ToolSource="c:\program files\arcgis\pro\Resources\ArcToolbox\toolboxes\Data Management Tools.tbx\CopyMultiple" Date="20220922" Time="110652">CopyMultiple "D:\CPNS2022\KUGI\KUGI_1K.gdb\BatasWilayah_5K\ADMINISTRASI_AR_RW FeatureClass" D:\CPNS2022\KUGI\KUGI_1K.gdb\BatasWilayah_5K ADMINISTRASI_AR_RW_1 "ADMINISTRASI_AR_RW FeatureClass ADMINISTRASI_AR_RW_1 #"</Process><Process ToolSource="c:\program files\arcgis\pro\Resources\ArcToolbox\toolboxes\Data Management Tools.tbx\Rename" Date="20220922" Time="110706">Rename D:\CPNS2022\KUGI\KUGI_1K.gdb\BatasWilayah_5K\ADMINISTRASI_AR_RW_1 D:\CPNS2022\KUGI\KUGI_1K.gdb\BatasWilayah_5K\ADMINISTRASI_AR_KELURAHAN FeatureClass</Process><Process ToolSource="c:\program files\arcgis\pro\Resources\ArcToolbox\toolboxes\Data Management Tools.tbx\CopyMultiple" Date="20220922" Time="111013">CopyMultiple "D:\CPNS2022\KUGI\KUGI_1K.gdb\BatasWilayah_5K\ADMINISTRASI_AR_KELURAHAN FeatureClass" D:\CPNS2022\KUGI\KUGI_1K.gdb\BatasWilayah_5K ADMINISTRASI_AR_KELURAHAN_1 "ADMINISTRASI_AR_KELURAHAN FeatureClass ADMINISTRASI_AR_KELURAHAN_1 #"</Process><Process ToolSource="c:\program files\arcgis\pro\Resources\ArcToolbox\toolboxes\Data Management Tools.tbx\Rename" Date="20220922" Time="111026">Rename D:\CPNS2022\KUGI\KUGI_1K.gdb\BatasWilayah_5K\ADMINISTRASI_AR_KELURAHAN_1 D:\CPNS2022\KUGI\KUGI_1K.gdb\BatasWilayah_5K\ADMINISTRASI_AR_KOTA FeatureClass</Process><Process ToolSource="c:\program files\arcgis\pro\Resources\ArcToolbox\toolboxes\Data Management Tools.tbx\Rename" Date="20220922" Time="111035">Rename D:\CPNS2022\KUGI\KUGI_1K.gdb\BatasWilayah_5K\ADMINISTRASI_AR_KOTA D:\CPNS2022\KUGI\KUGI_1K.gdb\BatasWilayah_5K\ADMINISTRASI_AR_KOTAKAB FeatureClass</Process><Process ToolSource="c:\program files\arcgis\pro\Resources\ArcToolbox\toolboxes\Data Management Tools.tbx\Append" Date="20220922" Time="111234">Append 'Batas Administrasi Kabupaten/Kota' ADMINISTRASI_AR_KOTAKAB "Use the field map to reconcile field differences" "NAMOBJ "Nama Objek" true true false 250 Text 0 0,First,#,Batas Administrasi Kabupaten/Kota,WADMKK,0,50;FCODE "Feature Code" true false false 50 Text 0 0,First,#;REMARK "Catatan" true true false 250 Text 0 0,First,#;METADATA "METADATA" true true false 50 Text 0 0,First,#;SRS_ID "Spatial Reference Spatial Identifier" true true false 50 Text 0 0,First,#,https://tataruang.jakarta.go.id/server/rest/services/Batas_Administrasi_Update/Batas_Administrasi_DKI_Jakarta_Update_View/FeatureServer\4,SRS_ID,0,50;KDBBPS "Kode BPS Kabupaten/Kota" true true false 50 Text 0 0,First,#;KDCBPS "Kode BPS Kecamatan/Distrik" true true false 50 Text 0 0,First,#;KDCPUM "Kode PUM Kecamatan/Distrik" true true false 50 Text 0 0,First,#;KDEBPS "Kode BPS Kelurahan/Desa" true true false 50 Text 0 0,First,#;KDEPUM "Kode PUM Kelurahan/Desa" true true false 50 Text 0 0,First,#;KDPBPS "Kode BPS Provinsi" true true false 50 Text 0 0,First,#;KDPKAB "Kode PUM Kabupaten/Kota" true true false 50 Text 0 0,First,#,https://tataruang.jakarta.go.id/server/rest/services/Batas_Administrasi_Update/Batas_Administrasi_DKI_Jakarta_Update_View/FeatureServer\4,KDPKAB,0,50;KDPPUM "Kode PUM Provinsi" true true false 50 Text 0 0,First,#;LUASWH "Luas Wilayah Menurut Peraturan (HA)" true true false 8 Double 0 0,First,#,https://tataruang.jakarta.go.id/server/rest/services/Batas_Administrasi_Update/Batas_Administrasi_DKI_Jakarta_Update_View/FeatureServer\4,LUASWH,-1,-1;TIPADM "Tipe Administrasi" true true false 4 Long 0 0,First,#;WADMKC "Nama wilayah administrasi Kecamatan atau Distrik" true true false 50 Text 0 0,First,#;WADMKD "Nama wilayah administrasi Kelurahan atau Desa" true true false 50 Text 0 0,First,#;WADMKK "Nama wilayah administrasi Kebupaten/ Kota" true true false 50 Text 0 0,First,#,https://tataruang.jakarta.go.id/server/rest/services/Batas_Administrasi_Update/Batas_Administrasi_DKI_Jakarta_Update_View/FeatureServer\4,WADMKK,0,50;WADMPR "Nama wilayah administrasi Propinsi" true true false 50 Text 0 0,First,#;WIADKC "Nama wilayah induk administrasi Kecamatan/Distrik" true true false 50 Text 0 0,First,#;WIADKK "Nama wilayah induk administrasi Kebupaten/ Kota" true true false 50 Text 0 0,First,#;WIADPR "Nama wilayah induk administrasi Propinsi" true true false 50 Text 0 0,First,#;WIADKD "Nama wilayah induk administrasi Kelurahan/Desa 
" true true false 2 Short 0 0,First,#" # #</Process><Process ToolSource="c:\program files\arcgis\pro\Resources\ArcToolbox\toolboxes\Conversion Tools.tbx\ExportFeatures" Date="20230529" Time="204712">ExportFeatures ADMINISTRASI_AR_KOTAKAB C:\Users\dikoh\Downloads\Jakarta_Kota\Jakarta_Kota.shp # NOT_USE_ALIAS "NAMOBJ "Nama Objek" true true false 250 Text 0 0,First,#,ADMINISTRASI_AR_KOTAKAB,NAMOBJ,0,250;FCODE "Feature Code" true true false 50 Text 0 0,First,#,ADMINISTRASI_AR_KOTAKAB,FCODE,0,50;REMARK "Catatan" true true false 250 Text 0 0,First,#,ADMINISTRASI_AR_KOTAKAB,REMARK,0,250;METADATA "METADATA" true true false 50 Text 0 0,First,#,ADMINISTRASI_AR_KOTAKAB,METADATA,0,50;SRS_ID "Spatial Reference Spatial Identifier" true true false 50 Text 0 0,First,#,ADMINISTRASI_AR_KOTAKAB,SRS_ID,0,50;KDBBPS "Kode BPS Kabupaten/Kota" true true false 50 Text 0 0,First,#,ADMINISTRASI_AR_KOTAKAB,KDBBPS,0,50;KDCBPS "Kode BPS Kecamatan/Distrik" true true false 50 Text 0 0,First,#,ADMINISTRASI_AR_KOTAKAB,KDCBPS,0,50;KDCPUM "Kode PUM Kecamatan/Distrik" true true false 50 Text 0 0,First,#,ADMINISTRASI_AR_KOTAKAB,KDCPUM,0,50;KDEBPS "Kode BPS Kelurahan/Desa" true true false 50 Text 0 0,First,#,ADMINISTRASI_AR_KOTAKAB,KDEBPS,0,50;KDEPUM "Kode PUM Kelurahan/Desa" true true false 50 Text 0 0,First,#,ADMINISTRASI_AR_KOTAKAB,KDEPUM,0,50;KDPBPS "Kode BPS Provinsi" true true false 50 Text 0 0,First,#,ADMINISTRASI_AR_KOTAKAB,KDPBPS,0,50;KDPKAB "Kode PUM Kabupaten/Kota" true true false 50 Text 0 0,First,#,ADMINISTRASI_AR_KOTAKAB,KDPKAB,0,50;KDPPUM "Kode PUM Provinsi" true true false 50 Text 0 0,First,#,ADMINISTRASI_AR_KOTAKAB,KDPPUM,0,50;LUASWH "Luas Wilayah Menurut Peraturan (HA)" true true false 8 Double 0 0,First,#,ADMINISTRASI_AR_KOTAKAB,LUASWH,-1,-1;TIPADM "Tipe Administrasi" true true false 4 Long 0 0,First,#,ADMINISTRASI_AR_KOTAKAB,TIPADM,-1,-1;WADMKC "Nama wilayah administrasi Kecamatan atau Distrik" true true false 50 Text 0 0,First,#,ADMINISTRASI_AR_KOTAKAB,WADMKC,0,50;WADMKD "Nama wilayah administrasi Kelurahan atau Desa" true true false 50 Text 0 0,First,#,ADMINISTRASI_AR_KOTAKAB,WADMKD,0,50;WADMKK "Nama wilayah administrasi Kebupaten/ Kota" true true false 50 Text 0 0,First,#,ADMINISTRASI_AR_KOTAKAB,WADMKK,0,50;WADMPR "Nama wilayah administrasi Propinsi" true true false 50 Text 0 0,First,#,ADMINISTRASI_AR_KOTAKAB,WADMPR,0,50;WIADKC "Nama wilayah induk administrasi Kecamatan/Distrik" true true false 50 Text 0 0,First,#,ADMINISTRASI_AR_KOTAKAB,WIADKC,0,50;WIADKK "Nama wilayah induk administrasi Kebupaten/ Kota" true true false 50 Text 0 0,First,#,ADMINISTRASI_AR_KOTAKAB,WIADKK,0,50;WIADPR "Nama wilayah induk administrasi Propinsi" true true false 50 Text 0 0,First,#,ADMINISTRASI_AR_KOTAKAB,WIADPR,0,50;WIADKD "Nama wilayah induk administrasi Kelurahan/Desa 
" true true false 2 Short 0 0,First,#,ADMINISTRASI_AR_KOTAKAB,WIADKD,-1,-1;SHAPE_Length "SHAPE_Length" false true true 8 Double 0 0,First,#,ADMINISTRASI_AR_KOTAKAB,SHAPE_Length,-1,-1;SHAPE_Area "SHAPE_Area" false true true 8 Double 0 0,First,#,ADMINISTRASI_AR_KOTAKAB,SHAPE_Area,-1,-1" #</Process></lineage><itemProps><itemLocation><linkage Sync="TRUE">file://\\DIKO\C$\Users\dikoh\Downloads\Jakarta_Kota\Jakarta_Kota.shp</linkage><protocol Sync="TRUE">Local Area Network</protocol></itemLocation><itemName Sync="TRUE">Jakarta_Kota</itemName><imsContentType Sync="TRUE">002</imsContentType><itemSize Sync="TRUE">0.000</itemSize></itemProps><coordRef><type Sync="TRUE">Geographic</type><geogcsn Sync="TRUE">GCS_WGS_1984</geogcsn><csUnits Sync="TRUE">Angular Unit: Degree (0.017453)</csUnits><peXml Sync="TRUE">&lt;GeographicCoordinateSystem xsi:type='typens:GeographicCoordinateSystem' xmlns:xsi='http://www.w3.org/2001/XMLSchema-instance' xmlns:xs='http://www.w3.org/2001/XMLSchema' xmlns:typens='http://www.esri.com/schemas/ArcGIS/3.0.0'&gt;&lt;WKT&gt;GEOGCS[&amp;quot;GCS_WGS_1984&amp;quot;,DATUM[&amp;quot;D_WGS_1984&amp;quot;,SPHEROID[&amp;quot;WGS_1984&amp;quot;,6378137.0,298.257223563]],PRIMEM[&amp;quot;Greenwich&amp;quot;,0.0],UNIT[&amp;quot;Degree&amp;quot;,0.0174532925199433],AUTHORITY[&amp;quot;EPSG&amp;quot;,4326]],VERTCS[&amp;quot;EGM2008_Geoid&amp;quot;,VDATUM[&amp;quot;EGM2008_Geoid&amp;quot;],PARAMETER[&amp;quot;Vertical_Shift&amp;quot;,0.0],PARAMETER[&amp;quot;Direction&amp;quot;,1.0],UNIT[&amp;quot;Meter&amp;quot;,1.0],AUTHORITY[&amp;quot;EPSG&amp;quot;,3855]]&lt;/WKT&gt;&lt;XOrigin&gt;-400&lt;/XOrigin&gt;&lt;YOrigin&gt;-400&lt;/YOrigin&gt;&lt;XYScale&gt;11258999068426.238&lt;/XYScale&gt;&lt;ZOrigin&gt;-100000&lt;/ZOrigin&gt;&lt;ZScale&gt;10000&lt;/ZScale&gt;&lt;MOrigin&gt;-100000&lt;/MOrigin&gt;&lt;MScale&gt;10000&lt;/MScale&gt;&lt;XYTolerance&gt;8.983152841195215e-09&lt;/XYTolerance&gt;&lt;ZTolerance&gt;0.001&lt;/ZTolerance&gt;&lt;MTolerance&gt;0.001&lt;/MTolerance&gt;&lt;HighPrecision&gt;true&lt;/HighPrecision&gt;&lt;LeftLongitude&gt;-180&lt;/LeftLongitude&gt;&lt;WKID&gt;4326&lt;/WKID&gt;&lt;LatestWKID&gt;4326&lt;/LatestWKID&gt;&lt;VCSWKID&gt;105790&lt;/VCSWKID&gt;&lt;LatestVCSWKID&gt;3855&lt;/LatestVCSWKID&gt;&lt;/GeographicCoordinateSystem&gt;</peXml></coordRef></DataProperties><SyncDate>20230529</SyncDate><SyncTime>20471200</SyncTime><ModDate>20230529</ModDate><ModTime>20471200</ModTime></Esri><dataIdInfo><envirDesc Sync="TRUE">Microsoft Windows 10 Version 10.0 (Build 22000) ; Esri ArcGIS 13.0.3.36057</envirDesc><dataLang><languageCode value="eng" Sync="TRUE"></languageCode><countryCode value="IDN" Sync="TRUE"></countryCode></dataLang><idCitation><resTitle Sync="TRUE">Jakarta_Kota</resTitle><presForm><PresFormCd value="005" Sync="TRUE"></PresFormCd></presForm></idCitation><spatRpType><SpatRepTypCd value="001" Sync="TRUE"></SpatRepTypCd></spatRpType></dataIdInfo><mdLang><languageCode value="eng" Sync="TRUE"></languageCode><countryCode value="IDN" Sync="TRUE"></countryCode></mdLang><distInfo><distFormat><formatName Sync="TRUE">Shapefile</formatName></distFormat><distTranOps><transSize Sync="TRUE">0.000</transSize></distTranOps></distInfo><mdHrLv><ScopeCd value="005" Sync="TRUE"></ScopeCd></mdHrLv><mdHrLvName Sync="TRUE">dataset</mdHrLvName><refSysInfo><RefSystem><refSysID><identCode code="4326" Sync="TRUE"></identCode><idCodeSpace Sync="TRUE">EPSG</idCodeSpace><idVersion Sync="TRUE">6.2(3.0.1)</idVersion></refSysID></RefSystem></refSysInfo><spatRepInfo><VectSpatRep><geometObjs Name="Jakarta_Kota"><geoObjTyp><GeoObjTypCd value="002" Sync="TRUE"></GeoObjTypCd></geoObjTyp><geoObjCnt Sync="TRUE">0</geoObjCnt></geometObjs><topLvl><TopoLevCd value="001" Sync="TRUE"></TopoLevCd></topLvl></VectSpatRep></spatRepInfo><spdoinfo><ptvctinf><esriterm Name="Jakarta_Kota"><efeatyp Sync="TRUE">Simple</efeatyp><efeageom code="4" Sync="TRUE"></efeageom><esritopo Sync="TRUE">FALSE</esritopo><efeacnt Sync="TRUE">0</efeacnt><spindex Sync="TRUE">FALSE</spindex><linrefer Sync="TRUE">TRUE</linrefer></esriterm></ptvctinf></spdoinfo><eainfo><detailed Name="Jakarta_Kota"><enttyp><enttypl Sync="TRUE">Jakarta_Kota</enttypl><enttypt Sync="TRUE">Feature Class</enttypt><enttypc Sync="TRUE">0</enttypc></enttyp><attr><attrlabl Sync="TRUE">FID</attrlabl><attalias Sync="TRUE">FID</attalias><attrtype Sync="TRUE">OID</attrtype><attwidth Sync="TRUE">4</attwidth><atprecis Sync="TRUE">0</atprecis><attscale Sync="TRUE">0</attscale><attrdef Sync="TRUE">Internal feature number.</attrdef><attrdefs Sync="TRUE">Esri</attrdefs><attrdomv><udom Sync="TRUE">Sequential unique whole numbers that are automatically generated.</udom></attrdomv></attr><attr><attrlabl Sync="TRUE">Shape</attrlabl><attalias Sync="TRUE">Shape</attalias><attrtype Sync="TRUE">Geometry</attrtype><attwidth Sync="TRUE">0</attwidth><atprecis Sync="TRUE">0</atprecis><attscale Sync="TRUE">0</attscale><attrdef Sync="TRUE">Feature geometry.</attrdef><attrdefs Sync="TRUE">Esri</attrdefs><attrdomv><udom Sync="TRUE">Coordinates defining the features.</udom></attrdomv></attr><attr><attrlabl Sync="TRUE">NAMOBJ</attrlabl><attalias Sync="TRUE">NAMOBJ</attalias><attrtype Sync="TRUE">String</attrtype><attwidth Sync="TRUE">250</attwidth><atprecis Sync="TRUE">0</atprecis><attscale Sync="TRUE">0</attscale></attr><attr><attrlabl Sync="TRUE">FCODE</attrlabl><attalias Sync="TRUE">FCODE</attalias><attrtype Sync="TRUE">String</attrtype><attwidth Sync="TRUE">50</attwidth><atprecis Sync="TRUE">0</atprecis><attscale Sync="TRUE">0</attscale></attr><attr><attrlabl Sync="TRUE">REMARK</attrlabl><attalias Sync="TRUE">REMARK</attalias><attrtype Sync="TRUE">String</attrtype><attwidth Sync="TRUE">250</attwidth><atprecis Sync="TRUE">0</atprecis><attscale Sync="TRUE">0</attscale></attr><attr><attrlabl Sync="TRUE">METADATA</attrlabl><attalias Sync="TRUE">METADATA</attalias><attrtype Sync="TRUE">String</attrtype><attwidth Sync="TRUE">50</attwidth><atprecis Sync="TRUE">0</atprecis><attscale Sync="TRUE">0</attscale></attr><attr><attrlabl Sync="TRUE">SRS_ID</attrlabl><attalias Sync="TRUE">SRS_ID</attalias><attrtype Sync="TRUE">String</attrtype><attwidth Sync="TRUE">50</attwidth><atprecis Sync="TRUE">0</atprecis><attscale Sync="TRUE">0</attscale></attr><attr><attrlabl Sync="TRUE">KDBBPS</attrlabl><attalias Sync="TRUE">KDBBPS</attalias><attrtype Sync="TRUE">String</attrtype><attwidth Sync="TRUE">50</attwidth><atprecis Sync="TRUE">0</atprecis><attscale Sync="TRUE">0</attscale></attr><attr><attrlabl Sync="TRUE">KDCBPS</attrlabl><attalias Sync="TRUE">KDCBPS</attalias><attrtype Sync="TRUE">String</attrtype><attwidth Sync="TRUE">50</attwidth><atprecis Sync="TRUE">0</atprecis><attscale Sync="TRUE">0</attscale></attr><attr><attrlabl Sync="TRUE">KDCPUM</attrlabl><attalias Sync="TRUE">KDCPUM</attalias><attrtype Sync="TRUE">String</attrtype><attwidth Sync="TRUE">50</attwidth><atprecis Sync="TRUE">0</atprecis><attscale Sync="TRUE">0</attscale></attr><attr><attrlabl Sync="TRUE">KDEBPS</attrlabl><attalias Sync="TRUE">KDEBPS</attalias><attrtype Sync="TRUE">String</attrtype><attwidth Sync="TRUE">50</attwidth><atprecis Sync="TRUE">0</atprecis><attscale Sync="TRUE">0</attscale></attr><attr><attrlabl Sync="TRUE">KDEPUM</attrlabl><attalias Sync="TRUE">KDEPUM</attalias><attrtype Sync="TRUE">String</attrtype><attwidth Sync="TRUE">50</attwidth><atprecis Sync="TRUE">0</atprecis><attscale Sync="TRUE">0</attscale></attr><attr><attrlabl Sync="TRUE">KDPBPS</attrlabl><attalias Sync="TRUE">KDPBPS</attalias><attrtype Sync="TRUE">String</attrtype><attwidth Sync="TRUE">50</attwidth><atprecis Sync="TRUE">0</atprecis><attscale Sync="TRUE">0</attscale></attr><attr><attrlabl Sync="TRUE">KDPKAB</attrlabl><attalias Sync="TRUE">KDPKAB</attalias><attrtype Sync="TRUE">String</attrtype><attwidth Sync="TRUE">50</attwidth><atprecis Sync="TRUE">0</atprecis><attscale Sync="TRUE">0</attscale></attr><attr><attrlabl Sync="TRUE">KDPPUM</attrlabl><attalias Sync="TRUE">KDPPUM</attalias><attrtype Sync="TRUE">String</attrtype><attwidth Sync="TRUE">50</attwidth><atprecis Sync="TRUE">0</atprecis><attscale Sync="TRUE">0</attscale></attr><attr><attrlabl Sync="TRUE">LUASWH</attrlabl><attalias Sync="TRUE">LUASWH</attalias><attrtype Sync="TRUE">Double</attrtype><attwidth Sync="TRUE">19</attwidth><atprecis Sync="TRUE">0</atprecis><attscale Sync="TRUE">0</attscale></attr><attr><attrlabl Sync="TRUE">TIPADM</attrlabl><attalias Sync="TRUE">TIPADM</attalias><attrtype Sync="TRUE">Integer</attrtype><attwidth Sync="TRUE">10</attwidth><atprecis Sync="TRUE">10</atprecis><attscale Sync="TRUE">0</attscale></attr><attr><attrlabl Sync="TRUE">WADMKC</attrlabl><attalias Sync="TRUE">WADMKC</attalias><attrtype Sync="TRUE">String</attrtype><attwidth Sync="TRUE">50</attwidth><atprecis Sync="TRUE">0</atprecis><attscale Sync="TRUE">0</attscale></attr><attr><attrlabl Sync="TRUE">WADMKD</attrlabl><attalias Sync="TRUE">WADMKD</attalias><attrtype Sync="TRUE">String</attrtype><attwidth Sync="TRUE">50</attwidth><atprecis Sync="TRUE">0</atprecis><attscale Sync="TRUE">0</attscale></attr><attr><attrlabl Sync="TRUE">WADMKK</attrlabl><attalias Sync="TRUE">WADMKK</attalias><attrtype Sync="TRUE">String</attrtype><attwidth Sync="TRUE">50</attwidth><atprecis Sync="TRUE">0</atprecis><attscale Sync="TRUE">0</attscale></attr><attr><attrlabl Sync="TRUE">WADMPR</attrlabl><attalias Sync="TRUE">WADMPR</attalias><attrtype Sync="TRUE">String</attrtype><attwidth Sync="TRUE">50</attwidth><atprecis Sync="TRUE">0</atprecis><attscale Sync="TRUE">0</attscale></attr><attr><attrlabl Sync="TRUE">WIADKC</attrlabl><attalias Sync="TRUE">WIADKC</attalias><attrtype Sync="TRUE">String</attrtype><attwidth Sync="TRUE">50</attwidth><atprecis Sync="TRUE">0</atprecis><attscale Sync="TRUE">0</attscale></attr><attr><attrlabl Sync="TRUE">WIADKK</attrlabl><attalias Sync="TRUE">WIADKK</attalias><attrtype Sync="TRUE">String</attrtype><attwidth Sync="TRUE">50</attwidth><atprecis Sync="TRUE">0</atprecis><attscale Sync="TRUE">0</attscale></attr><attr><attrlabl Sync="TRUE">WIADPR</attrlabl><attalias Sync="TRUE">WIADPR</attalias><attrtype Sync="TRUE">String</attrtype><attwidth Sync="TRUE">50</attwidth><atprecis Sync="TRUE">0</atprecis><attscale Sync="TRUE">0</attscale></attr><attr><attrlabl Sync="TRUE">WIADKD</attrlabl><attalias Sync="TRUE">WIADKD</attalias><attrtype Sync="TRUE">Integer</attrtype><attwidth Sync="TRUE">5</attwidth><atprecis Sync="TRUE">5</atprecis><attscale Sync="TRUE">0</attscale></attr><attr><attrlabl Sync="TRUE">SHAPE_Leng</attrlabl><attalias Sync="TRUE">SHAPE_Leng</attalias><attrtype Sync="TRUE">Double</attrtype><attwidth Sync="TRUE">19</attwidth><atprecis Sync="TRUE">0</atprecis><attscale Sync="TRUE">0</attscale></attr><attr><attrlabl Sync="TRUE">SHAPE_Area</attrlabl><attalias Sync="TRUE">SHAPE_Area</attalias><attrtype Sync="TRUE">Double</attrtype><attwidth Sync="TRUE">19</attwidth><atprecis Sync="TRUE">0</atprecis><attscale Sync="TRUE">0</attscale><attrdef Sync="TRUE">Area of feature in internal units squared.</attrdef><attrdefs Sync="TRUE">Esri</attrdefs><attrdomv><udom Sync="TRUE">Positive real numbers that are automatically generated.</udom></attrdomv></attr></detailed></eainfo><mdDateSt Sync="TRUE">20230529</mdDateSt></metadata>
