Class_10,Class_11,Class_sum,Class_8,Class_12,Class_7,Class_13,Class_14,Class_9,Class_15,Class_16,Class_17,Class_2,Class_1,Class_4,Class_3,Class_6,Class_5,system:index,continent,french_sho,iso_3166_1,name,region,color_code,iso3,status
0.41501823224273077,8.93676360315548E-4,446593.43999999994,0.0,0.11225077555998136,0.04229370229889629,0.016847963552711388,0.0,1.7465549874624224E-4,0.004345473592267724,0.36700610738930695,0.041169413505043884,0.0,0.0,0.0,0.0,0.0,0.0,0,Asia,OuzbÃ©kistan,UZ,Uzbekistan,Central Asia,UZB,UZB,Member State
0.6439382291977154,2.139415585780427E-4,1562903.45,0.01695564111781825,2.1426787432070741E-4,2.9644185634115786E-4,1.513977079006384E-4,0.0,0.01302761216631776,3.2394835394342503E-5,0.3121888367448418,0.007601320478241954,0.0,5.194370771911727E-4,0.0011096142887137399,0.0021083644034441155,0.0,0.0016425006931810153,1,Asia,Mongolie,MN,Mongolia,Eastern Asia,MNG,MNG,Member State
0.5926333667470639,0.00382908220215453,9137.96,0.011512416338001043,0.25534583211132467,0.0,0.023329058126759148,0.0,0.04605732570508079,0.0,0.0,0.050016633909537804,0.0,0.01727628486007818,0.0,0.0,0.0,0.0,2,Asia,Chypre,CY,Cyprus,Western Asia,CYP,CYP,Member State
0.0,0.0,6.819999999999999,0.0,0.0,0.0,0.124633431085044,0.0,0.0,0.0,0.0,0.875366568914956,0.0,0.0,0.0,0.0,0.0,0.0,3,Asia,Macao,MO,Macao,Eastern Asia,CHN,MAC,CN Special Administrative Region
0.21432902371826437,6.678042518753054E-4,185937.72,0.04544032270590389,0.05752431513089437,4.689742350288043E-4,0.0017976987133111022,0.0024917483122843496,0.056811872276372966,0.07646565742550786,0.5307740140085616,0.0020396614522325,0.0,0.008896796196059627,9.508560178106949E-5,0.0,0.0,0.002197025971922211,4,Asia,Jammu-Kashmir,,Jammu-Kashmir,Eastern Asia,XXZ,,Sovereignty unsettled
0.8224476108721326,0.0020949944163037517,2842131.6799999997,0.0020532229527099183,0.045207602766667035,0.0016585755097737066,7.70383024617635E-4,0.0,0.0019971242148780384,0.0019636528593214232,0.05618085929079824,0.062494261349636,0.0,2.1030341563906712E-4,1.0951287098703323E-4,5.0032868287087956E-6,9.254673238785333E-5,0.0027143464373191885,5,Asia,Kazakhstan,KZ,Kazakhstan,Central Asia,KAZ,KAZ,Member State
0.0,0.0,1.52,0.0,0.0,0.0,0.0,0.0,0.0,0.0,0.0,1.0,0.0,0.0,0.0,0.0,0.0,0.0,6,Asia,Paracel Islands,,Paracel Islands,South-Eastern Asia,XXX,,Sovereignty unsettled
0.7533097848580333,1.5805444499562493E-4,199551.49,1.615623115617929E-4,0.05925292765290803,0.0,0.004858695868419725,0.0,0.0020235879972632627,0.017294383519762244,0.12902770107103684,0.03375163973969826,0.0,0.0,1.6166253632082626E-4,0.0,0.0,0.0,7,Asia,Kirghizistan,KG,Kyrgyzstan,Central Asia,KGZ,KGZ,Member State
0.011104570378449448,0.0,16732.75,0.0,0.001115178317969252,0.0,0.023474324304134108,0.0,0.0,0.0,0.9553516307839417,0.008954296215505522,0.0,0.0,0.0,0.0,0.0,0.0,8,Asia,KoweÃ¯t,KW,Kuwait,Western Asia,KWT,KWT,Member State
0.0047467886042247475,0.016235897632351996,5742.829999999999,0.027902619440241142,0.0,0.0,0.04201761152602464,0.0,0.018353320575395758,0.0,0.0,0.019150836782561912,0.8715929254392,0.0,0.0,0.0,0.0,0.0,9,Asia,BrunÃ©i Darussalam,BN,Brunei Darussalam,South-Eastern Asia,BRN,BRN,Member State
0.20319877301407457,2.2215786916539464E-4,1678311.02,0.0032637037680894212,0.041586445639855245,0.11849836986710603,0.0034450706282081133,3.0578360857095484E-5,0.0018915266372975374,0.0,0.5847182842188571,0.03670208278796858,0.0,0.0,0.004548733762112817,0.0,0.0,0.0018942734464080441,10,Asia,Iran,IR,Iran (Islamic Republic of),Southern Asia,IRN,IRN,Member State
5.619421669381615E-4,0.0,70879.18000000001,0.0,0.0,0.007298193912514224,0.0065491728318527375,0.0,0.0,0.0,0.97358575536568,0.012004935723014852,0.0,0.0,0.0,0.0,0.0,0.0,11,Asia,Ã‰mirats arabes unis,AE,United Arab Emirates,Western Asia,ARE,ARE,Member State
0.0367665461293049,3.708091741306796E-4,187994.27,0.0,0.23060936910470728,0.13633500638077958,0.006559827594745308,0.00291035466134154,0.0026385910591849426,0.0,0.5776514890586825,0.00597268203972387,0.0,1.8532479739941012E-4,0.0,0.0,0.0,0.0,12,Asia,RÃ©publique arabe syrienne,SY,Syrian Arab Republic,Western Asia,SYR,SYR,Member State
0.05210259989002114,2.435224615395799E-4,66030.87,0.39788450462639674,0.03932796887274089,0.0,0.0049728255890010235,0.09424379839308494,0.26604904645357547,0.0,0.0,0.036515647908319245,0.10866008580532106,0.0,0.0,0.0,0.0,0.0,13,Asia,Sri Lanka,LK,Sri Lanka,Southern Asia,LKA,LKA,Member State
0.10682589832067105,0.009668595158240914,181732.71,0.06445245877860954,0.2698895537297606,0.0,0.0010397687901093865,0.005701065042170999,0.21517051058117165,0.0,0.0,0.021007665598559558,0.23431885212078774,0.0,0.05340034823670434,0.0,0.0,0.01852528364321426,14,Asia,Cambodge,KH,Cambodia,South-Eastern Asia,KHM,KHM,Member State
0.3957947299594968,2.2559786651325635E-4,69947.46999999999,0.11312932404846096,0.028936857902079952,0.0,0.00874970888868461,2.2731343964263473E-4,0.08146541969280663,0.0036012739274201063,0.01566761456847546,0.0068184024382869045,6.147470380272511E-6,0.002058115897544258,0.2884085728904849,0.0,2.2474007994856718E-4,0.05468618092977488,15,Asia,GÃ©orgie,GE,Georgia,Western Asia,GEO,GEO,Member State
0.011673454716632574,0.018747520994414575,1878575.84,0.19716262293674552,0.023458845292080407,0.0,0.0057003075265782185,0.04316648722576992,0.0463958804026778,0.0,3.392995834546664E-5,0.02846882135990847,0.6237422386950319,0.0,0.0013610203780753405,0.0,3.399383652245842E-5,5.487667721735418E-5,16,Asia,IndonÃ©sie,ID,Indonesia,South-Eastern Asia,IDN,IDN,Member State
0.0,0.0,4.52,0.0,0.0,0.0,0.0,0.0,0.0,0.0,0.0,1.0,0.0,0.0,0.0,0.0,0.0,0.0,17,Asia,Spratly Islands,,Spratly Islands,South-Eastern Asia,XXX,,Sovereignty unsettled
0.13421244837444393,0.002515234565878749,67512.59000000001,0.002557448914343235,0.003412400561139781,0.0,0.0,0.0019393419805105979,0.00783157630302733,0.005072535359701056,0.027573671814397873,0.0,0.4425587879238524,0.17552696467429257,0.006045094700114452,0.0,0.0,0.19075449482829793,18,Asia,Arunachal Pradesh,,Arunachal Pradesh,Eastern Asia,IND,,Sovereignty unsettled
0.0,0.0,638.38,0.0,0.0,0.0,0.2902346564742003,0.0,0.0,0.0,0.5158682916131457,0.1938970519126539,0.0,0.0,0.0,0.0,0.0,0.0,19,Asia,BahreÃ¯n,BH,Bahrain,Western Asia,BHR,BHR,Member State
0.3384881188894834,0.0,5868.98,0.0,0.2940442802667585,0.19148472136555245,0.0313018616522803,0.0,0.0,0.0,0.11825393850379454,0.026427079322130932,0.0,0.0,0.0,0.0,0.0,0.0,20,Asia,Ã‰tat de Palestine,PS,West Bank,Western Asia,XXX,PSE,Occupied Territory
0.5100445994279533,0.001021406456111928,779953.9500000001,0.04948375477808658,0.27616184263186305,0.016549797587408845,0.008427548831568838,0.004497086013860177,0.06075936919096313,6.428584661953439E-5,0.003275206183647124,0.01816897010394011,2.3936028530915189E-4,0.021392455285340884,0.017693826667587235,0.0,0.0,0.012220490709739977,21,Asia,Turquie,TR,Turkey,Western Asia,TUR,TUR,Member State
0.0,0.0,551.04,0.03671239837398374,0.0,0.0,0.7264989837398375,0.0,0.0,0.0,0.0,0.07614692218350756,0.1606416957026713,0.0,0.0,0.0,0.0,0.0,22,Asia,Singapour,SG,Singapore,South-Eastern Asia,SGP,SGP,Member State
0.18173142273428375,5.168547556742106E-4,4914.34,0.3747583602274161,0.0,0.0,0.0,0.0,0.006181908455662408,0.0,0.0,0.21538192310666335,0.0,0.03323538867884599,0.07147857087625194,0.0,0.0,0.11671557116520224,23,Asia,Kuril Islands,,Kuril Islands,Eastern Asia,RUS,,Sovereignty unsettled
0.0493931563724833,0.007952005682372915,666988.9599999998,0.16382391096848145,0.21028207123548198,0.0,0.0010207665206332654,6.002798007331337E-4,0.04324197509955788,4.757200179145395E-5,8.118125373469452E-4,0.010848560371973775,0.32456762102928965,0.011692607325914362,0.05384876235432744,0.0,0.0,0.12186889869961269,24,Asia,Myanmar,MM,Myanmar,South-Eastern Asia,MMR,MMR,Member State
0.0,0.0,17.91,0.0,0.0,0.0,0.0,0.0,0.0,0.0,0.0,1.0,0.0,0.0,0.0,0.0,0.0,0.0,25,Asia,Cocos (Keeling) Islands,CC,Cocos (Keeling) Islands,South-Eastern Asia,AUS,CCK,AU Territory
0.3928800433104448,0.0,641877.4999999999,2.1803225693376075E-4,0.02729505240485919,0.09666791560694994,7.913815330806893E-4,0.0,0.006769266721453861,0.003519394276945368,0.4716119508784776,2.8182947680826952E-5,0.0,2.1878006317404807E-4,0.0,0.0,0.0,0.0,26,Asia,Afghanistan,AF,Afghanistan,Southern Asia,AFG,AFG,Member State
0.03335350968080731,5.272614427574839E-4,371144.14999999997,0.04890956788622427,0.07361172202229242,0.0,0.07870578048987166,0.024051732999159494,0.028137450098566823,0.0,9.414131948462612E-5,0.042922002138522194,0.06633780971625176,0.061089148246038644,0.21615773817262107,0.0,3.876121986565059E-4,0.3257145235887458,27,Asia,Japon,JP,Japan,Eastern Asia,JPN,JPN,Member State
0.07466616352702513,3.609536781623547E-4,229863.28999999998,0.2274853457461607,0.015669313703810646,0.0,4.561841953971859E-4,8.835686637914214E-5,0.0499174531087587,0.0,6.364652659413342E-5,0.0035767781797606743,0.6174162477183721,0.0,0.006115548072073623,0.0,0.0,0.00418400867750566,28,Asia,RÃ©publique dÃ©mocratique populaire lao,LA,Lao People's Democratic Republic,South-Eastern Asia,LAO,LAO,Member State
0.007005075748589413,0.0,1924468.84,0.0,0.0021383978344902688,0.014391238467649078,0.0016060171699116728,0.0,0.0,0.0,0.9734632596077782,0.001396011171581245,0.0,0.0,0.0,0.0,0.0,0.0,29,Asia,Arabie saoudite,SA,Saudi Arabia,Western Asia,SAU,SAU,Member State
0.0071096946032839625,0.003327036275311837,36170.33,0.038385881466937125,0.10374221081201083,0.0,0.0857774866859108,0.06340168862158571,0.07923096084553279,0.0,0.004193768760196548,0.030407795560615562,0.5455452023799616,0.037260926289585966,0.0,0.0,0.0,0.0016173476990671636,30,Asia,Taiwan,TW,Taiwan,Eastern Asia,CHN,TWN,CN Province
0.10987110862079667,9.341781259103799E-4,795169.5499999999,0.0021124174083376307,0.23253093632672428,0.1565785058042024,0.005206235575796383,2.2216645494033317E-4,0.01380837583632321,0.00191318945751884,0.4706615966368431,0.00545053567506452,0.0,4.88562470733443E-4,0.0,0.0,0.0,2.221916068088875E-4,31,Asia,Pakistan,PK,Pakistan,Southern Asia,PAK,PAK,Member State
0.03436044680381135,2.903427722284683E-4,122200.39,0.08045809019103785,0.3170852400716561,0.0,0.009745549911911084,0.0010824024375044958,0.022704837521385978,0.0,0.0,0.015568280919561714,0.0,0.0,0.4244267960192271,0.0,0.0,0.09427801335167588,32,Asia,RÃ©publique populaire dÃ©mocratique de CorÃ©e,KP,Democratic People's Republic of Korea,Eastern Asia,PRK,PRK,Member State
0.0,0.0,33.53,0.0,0.0,0.0,0.0,0.0,0.0,0.0,0.0,1.0,0.0,0.0,0.0,0.0,0.0,0.0,33,Asia,Maldives,MV,Maldives,Southern Asia,MDV,MDV,Member State
0.3866517312486415,0.0,10212.859999999999,0.0,0.25119897854273926,0.2618326306245264,0.03294473830053482,0.0,0.034168685363355614,0.0,0.006159880777764505,0.027043355142438066,0.0,0.0,0.0,0.0,0.0,0.0,34,Asia,Liban,LB,Lebanon,Western Asia,LBN,LBN,Member State
0.3035477203694275,0.0010898480289108614,9340641.75,0.1016759860209819,0.13614170246921203,6.811159415251099E-4,0.010593934833224922,0.022098291051575767,0.08257139184253588,0.0030651791136299604,0.23964923073941893,0.009031255266802199,0.01963687666321214,0.0055950470426724165,0.04000139926145867,0.0014657536780061178,2.1686732605926141E-4,0.02293840035134631,35,Asia,Chine,CN,China,Eastern Asia,CHN,CHN,Member State
0.13745013600781367,0.0013967533707405443,436261.69999999995,0.0,0.10227338315511081,0.0677980441556066,0.006591112628039546,4.070950991113821E-5,0.0012813409932616135,0.0,0.6726791739912076,0.010489346188308534,0.0,0.0,0.0,0.0,0.0,0.0,36,Asia,Iraq,IQ,Iraq,Western Asia,IRQ,IRQ,Member State
0.014346122817738682,0.014922825824640698,328470.63,0.22658725987160555,0.008903870644386074,0.0,0.014307063008951515,0.008846544362276772,0.008425897925790198,0.0,0.0,0.016748285836088297,0.6869121297085221,0.0,0.0,0.0,0.0,0.0,37,Asia,Malaisie,MY,Malaysia,South-Eastern Asia,MYS,MYS,Member State
0.15894830727654663,9.193786608894531E-5,554504.93,0.0,0.028045539649214656,0.17430743131535367,0.001142153957044169,0.0,0.0,1.456073618678196E-4,0.4770180853035878,0.1603009372702962,0.0,0.0,0.0,0.0,0.0,0.0,38,Asia,TurkmÃ©nistan,TM,Turkmenistan,Central Asia,TKM,TKM,Member State
2.300977751188702E-6,0.0,30421.85,0.0,0.0,0.0,0.0,0.0,0.0,0.015039519292876665,0.9708591029145172,0.014099076814855114,0.0,0.0,0.0,0.0,0.0,0.0,39,Asia,Aksai Chin,,Aksai Chin,Eastern Asia,XXY,,Sovereignty unsettled JammuK-China
0.035309139516788705,0.0,15036.9,0.22334856253616103,0.018934088808198496,0.0,0.0,6.976171950335508E-4,0.5795782375356623,0.0,0.0,0.04737678643869415,0.07354707419747422,0.0,0.02039981645152924,0.0,0.0,8.086773204583392E-4,40,Asia,Timor-Leste,TL,Timor-Leste,South-Eastern Asia,TLS,TLS,Member State
0.03731748951924592,0.03100903583847775,324230.01,0.2038736327954343,0.15263402052141933,1.0751626599894315E-4,0.009470653256310234,0.06546843088337197,0.21874622278178382,0.0,8.895536844353181E-4,0.013526138434872206,0.2614447996346791,1.1803349110096256E-4,0.0043358108646389636,0.0,0.0,0.0010586620282311313,41,Asia,Viet Nam,VN,Vietnam,South-Eastern Asia,VNM,VNM,Member State
0.06434498036026907,0.009035307005059924,512237.1599999999,0.16812349186068426,0.4133271783718308,0.0,0.007484170027805091,0.01319871053478432,0.10024608523130185,0.0,1.1244791377493973E-5,0.00883928452203663,0.17788830470635908,0.0,0.031098251442749688,0.0,0.0,0.006402991145741946,42,Asia,ThaÃ¯lande,TH,Thailand,South-Eastern Asia,THA,THA,Member State
0.16751830569150752,1.950396192065503E-5,147149.59,0.24178816944036338,0.14898566825772333,0.0,0.00132647328477096,0.004381119920211806,0.08519853843969256,0.011979238270388657,0.11158855420528184,0.0,0.02051048868026068,0.014603030834132802,0.012583181509374236,0.0,0.0,0.17951772750437156,43,Asia,NÃ©pal,NP,Nepal,Southern Asia,NPL,NPL,Member State
0.06764712505981797,0.002354369667157734,2976864.7199999997,0.039497743787295786,0.6737077121865317,0.03189867828458124,0.007079408028995016,0.014981144322876722,0.04876055637489634,0.0010314274543184482,0.02437235710193778,0.008307445022224592,0.03218568830363242,0.001692465218909914,0.024940239810427128,0.0,1.3742646659469296E-5,0.021529896729737857,44,Asia,Inde,IN,India,Southern Asia,IND,IND,Member State
0.16341018422673304,0.0,39830.81,0.027030331544851842,0.0013070284033892357,0.0,4.762644796829389E-4,1.5590945803010283E-4,0.00487135461217083,0.012711767599001878,0.07546394361550769,0.0,0.2535888675123604,0.17557564106780657,0.0055675493418286,0.0,0.0,0.2798411581386369,45,Asia,Bhoutan,BT,Bhutan,Southern Asia,BTN,BTN,Member State
0.006797463870467274,0.0,89206.8,0.0,0.028627526152714813,0.05551807709726164,0.006511387024307564,0.0,0.0,0.0,0.8963976961397562,0.006147849715492541,0.0,0.0,0.0,0.0,0.0,0.0,46,Asia,Jordanie,JO,Jordan,Western Asia,JOR,JOR,Member State
0.0,0.0,11352.699999999999,0.0,0.0,0.0,0.022282804971504578,0.0,0.0,0.0,0.9453539686594379,0.032363226369057585,0.0,0.0,0.0,0.0,0.0,0.0,47,Asia,Qatar,QA,Qatar,Western Asia,QAT,QAT,Member State
0.10900806168944971,0.0,370.89,0.0,0.34436086171101943,0.19933133813259998,0.2461646310226752,0.0,0.0,0.0,0.0,0.1011351074442557,0.0,0.0,0.0,0.0,0.0,0.0,48,Asia,Ã‰tat de Palestine,PS,Gaza Strip,Western Asia,XXX,PSE,Occupied Territory (under review)
0.0,0.027760949012097167,1023.38,0.11442474935996404,0.0,0.0,0.20539779944888506,0.0,0.12589653892004926,0.0,0.0,0.19217690398483456,0.3343430592741699,0.0,0.0,0.0,0.0,0.0,49,Asia,Hong Kong,HK,Hong Kong,Eastern Asia,CHN,HKG,CN Special Administrative Region
0.058972484121553745,0.0,453533.04000000004,0.0,0.006525786963613499,0.07984556097610881,0.0010337504848599343,0.0,0.0012316192002240895,0.0,0.8486066197073536,0.0037841785462862858,0.0,0.0,0.0,0.0,0.0,0.0,50,Asia,YÃ©men,YE,Yemen,Western Asia,YEM,YEM,Member State
0.012441219645135315,0.0,308079.12,0.0,3.9710578243666757E-4,0.0038861121130182403,4.004166202500189E-4,0.0,0.0,0.0,0.9775545970139099,0.0053205488252498255,0.0,0.0,0.0,0.0,0.0,0.0,51,Asia,Oman,OM,Oman,Western Asia,OMN,OMN,Member State
0.01493844392580562,5.177930946520429E-4,97220.29999999999,0.2167477368409684,0.21039165688647332,0.0,0.05208901844573613,0.005281304418933084,0.012194881110220808,0.0,0.0,0.035213324789164405,1.8401506681217815E-4,1.8401506681217815E-4,0.3572833040013249,0.0,0.0,0.09497450635309705,52,Asia,RÃ©publique de CorÃ©e,KR,Republic of Korea,Eastern Asia,KOR,KOR,Member State
0.0,0.0,123.64999999999999,0.0,0.0,0.0,0.0,0.0,0.0,0.0,0.0,0.9261625556004853,0.07383744439951477,0.0,0.0,0.0,0.0,0.0,53,Asia,Christmas Island,CX,Christmas Island,South-Eastern Asia,AUS,CXR,AU Territory
0.4425032647255307,0.0,142416.25999999998,0.0,0.044007615422564816,0.0193701196759415,0.005235918988463818,0.0,0.0014232223202603413,0.052260605635901416,0.42986439891063005,0.005334854320707481,0.0,0.0,0.0,0.0,0.0,0.0,54,Asia,Tadjikistan,TJ,Tajikistan,Central Asia,TJK,TJK,Member State
0.030926866961998322,0.010414183637472764,292317.68000000005,0.2540374225739613,0.06629068758345372,0.0,0.007069500551591678,0.09733550840989158,0.14147160034931858,0.0,7.043706696084888E-5,0.06460170318812053,0.32743332527816993,0.0,3.4876439906063837E-4,0.0,0.0,0.0,55,Asia,Philippines,PH,Philippines,South-Eastern Asia,PHL,PHL,Member State
0.310517556344541,9.049696644357391E-4,164303.84999999998,0.01285977169737654,0.13633916673285504,0.005975575131075749,0.00877715281778242,0.0,0.0171050769656341,0.0,0.0033838525390610147,0.4836657205537181,0.0,0.0,0.020471157553520507,0.0,0.0,0.0,56,Asia,AzerbaÃ¯djan,AZ,Azerbaijan,Western Asia,AZE,AZE,Member State
0.011577864660187922,0.09256030913191009,137841.47999999998,0.0703058324678464,0.5248672605662679,0.0,0.004300447151321939,0.1319914731037421,0.08011804574355993,0.0,0.0028079356083524354,0.05409344124859948,0.011682405035117152,0.0,0.014013343443497561,0.0,0.0,0.0016816418395971956,57,Asia,Bangladesh,BD,Bangladesh,Southern Asia,BGD,BGD,Member State
0.16304790210144704,0.0,20712.870000000003,0.0,0.18651060910438774,0.02970182306942495,0.04700652299753727,0.0,0.0017443261122191177,0.0,0.5384864579365389,0.033502358678444845,0.0,0.0,0.0,0.0,0.0,0.0,58,Asia,IsraÃ«l,IL,Israel,Western Asia,ISR,ISR,Member State
0.7387991979730887,5.494720349073179E-4,29664.84,0.016328758220169062,0.10669263680505271,0.0,0.01821516650688155,0.0,0.01418615438343844,0.0,5.602592159607131E-4,0.04180841696769644,0.0,0.0,0.06285993789280508,0.0,0.0,0.0,59,Asia,ArmÃ©nie,AM,Armenia,Western Asia,ARM,ARM,Member State
